{"cameraMode":{"drawMode":0,"name":"Shaded","section":"Shading Mode"},"sceneLighting":true,"audioPlay":false,"sceneViewState":{"m_AlwaysRefresh":false,"showFog":true,"showSkybox":true,"showFlares":true,"showImageEffects":true,"showParticleSystems":true,"showVisualEffectGraphs":true,"m_FxEnabled":false},"in2DMode":false,"pivot":{"x":-2.6749730110168459,"y":9.041152000427246,"z":3.0347113609313967},"rotation":{"x":0.13272832334041596,"y":-0.48210349678993227,"z":0.07371126115322113,"w":0.8629866242408752},"size":8.840920448303223,"orthographic":true}