{"cameraMode":{"drawMode":0,"name":"Shaded","section":"Shading Mode"},"sceneLighting":true,"audioPlay":false,"sceneViewState":{"m_AlwaysRefresh":false,"showFog":true,"showSkybox":true,"showFlares":true,"showImageEffects":true,"showParticleSystems":true,"showVisualEffectGraphs":true,"m_FxEnabled":false},"in2DMode":false,"pivot":{"x":-0.24442990124225617,"y":0.5241460800170898,"z":0.1640293002128601},"rotation":{"x":0.2689574658870697,"y":-0.3199382424354553,"z":0.09493536502122879,"w":0.9036413431167603},"size":5.476495265960693,"orthographic":true}