{"cameraMode":{"drawMode":0,"name":"Shaded","section":"Shading Mode"},"sceneLighting":true,"audioPlay":false,"sceneViewState":{"m_AlwaysRefresh":false,"showFog":true,"showSkybox":true,"showFlares":true,"showImageEffects":true,"showParticleSystems":true,"showVisualEffectGraphs":true,"m_FxEnabled":false},"in2DMode":false,"pivot":{"x":-0.8486151695251465,"y":2.549488067626953,"z":-0.43836337327957156},"rotation":{"x":0.02002510242164135,"y":-0.687101423740387,"z":-0.018989648669958116,"w":-0.7261021137237549},"size":3.7419705390930177,"orthographic":true}