{"cameraMode":{"drawMode":0,"name":"Shaded","section":"Shading Mode"},"sceneLighting":true,"audioPlay":false,"sceneViewState":{"m_AlwaysRefresh":false,"showFog":true,"showSkybox":true,"showFlares":true,"showImageEffects":true,"showParticleSystems":true,"showVisualEffectGraphs":true,"m_FxEnabled":false},"in2DMode":false,"pivot":{"x":-0.4509258270263672,"y":4.941014289855957,"z":-1.375037431716919},"rotation":{"x":0.006501532159745693,"y":-0.7345409989356995,"z":-0.007062321063131094,"w":-0.6785402297973633},"size":17.43882179260254,"orthographic":true}